ASIN	Internal_SKU
B07BW3ZJGG	SP-1500RBT
B093MXL99P	ABX-12S
B0D242QB51	ABX-170R
B0CXLSKP5S	ABX-82S
B0CHKPBTT6	ABX-214R
B08KTSZT16	MCX10
B08BTJC1FB	SP-2100RBT
B0CTJB3XQY	BZX-5000
B0BNWC9F4N	CDX-100 - BLUE
B0D9J17TXR	DR-50
B0CQ6HPFW6	KB-2100R
B0CP8MPYJH	KB-85R
B0C4RGJJ8V	ANT-300
B0BS8MLJVY	KP-380
B0DHJBZYR1	LX-30
B0C5GJ8QBJ	LX-60 Camo
B09KDWK43F	LX-80
B09DWBKTP2	MCX20
B0DB4DXW4Y	MCX21
B08PMQV5F7	MP-200
B0CVN3KNBP	PSI-114
B0BWCVNNHV	REM-10S
B09BP5PXVZ	RTX-10 BLUE
B09BP4QLGQ	RTX-10 GREEN
B09BP51JNK	RTX-10 RED
B09BP4TG3M	RTX-10 YELLOW
B08LP2LH13	RX-12BT
B07VQWXVSY	RX-3
B0D2PKMVZ5	RXC-15RBT
B09KDWLRDS	RXC-25BT BLACK
B09FMQP2R4	RXC-25BT RED
B0CBT59JC3	RXF-40
B0D8RBQVF9	S10
B0C5S3C6B5	SP-10RBT
B0CBL8GHMX	SP-1070RBT
B0D36DBV8S	SP-1217RBT
B0DJF439F6	SP-1800RBT
B0CM7J6DJ9	SP-18RBT
B0CSHNMR83	SP-2080RBT
B075D6HQTF	SP-210RBT
B096WGGXFR	SP-2120RBT
B09M6JQ2HR	SP-2130RBT
B0CRGPRMCY	SP-310RBt
B084TDBPBB	SP-411BT BLACK
B08P2DLL19	SP-807RBT
B0BV1CNRQB	SP-880RBT
B0BNK94RCC	SPF-1212R
B0CRD667NQ	SPX-2115R
B0DBSS4ZQ1	SPX-290BT
B07VNP9NHT	ST-200
B0DGNTD2B3	STA-10
B0BTS57274	TRK-2009BT BLACK
B0BS4ZVGG7	TV-13D
B0D88YM1JC	TV-240SD
B0BS56V2BR	TV-24D
B0D887VNRB	TV-320SD
B0BS524CBW	TV-32D
B08QS2DG9G	SP-1600RBT
B0D467SLL7	XL-312
B07Q47HJW4	SP-212RBT
B09VNJYLPF	SP-2600RBT
B0C9FR11VY	TV-13
B0D2JMYD1K	ABX-2010R
B0D4C2TB1H	SP-2250RBT
B0DFB4J8T4	CLP-10 YELLOW